DATE,GS3M,GS6M,GS1,GS3,GS5,GS10
1981-09-01,15.61,16.36,16.52,16.22,15.93,15.32
1981-10-01,14.23,15.06,15.38,15.5,15.41,15.15
1981-11-01,11.35,12.12,12.41,13.11,13.38,13.39
1981-12-01,11.32,12.44,12.85,13.66,13.6,13.72
1982-01-01,12.92,13.9,14.32,14.64,14.65,14.59
1982-02-01,14.28,14.81,14.73,14.73,14.54,14.43
1982-03-01,13.31,13.83,13.95,14.13,13.98,13.86
1982-04-01,13.34,13.87,13.98,14.18,14.0,13.87
1982-05-01,12.71,13.13,13.34,13.77,13.75,13.62
1982-06-01,13.08,13.76,14.07,14.48,14.43,14.3
1982-07-01,11.86,12.8,13.24,14.0,14.07,13.95
1982-08-01,9.0,10.51,11.43,12.62,13.0,13.06
1982-09-01,8.19,9.83,10.85,12.03,12.25,12.34
1982-10-01,7.97,8.63,9.32,10.62,10.8,10.91
1982-11-01,8.35,8.8,9.16,9.98,10.38,10.55
1982-12-01,8.2,8.59,8.91,9.88,10.22,10.54
1983-01-01,8.12,8.33,8.62,9.64,10.03,10.46
1983-02-01,8.39,8.65,8.92,9.91,10.26,10.72
1983-03-01,8.66,8.86,9.04,9.84,10.08,10.51
1983-04-01,8.51,8.78,8.98,9.76,10.02,10.4
1983-05-01,8.5,8.7,8.9,9.66,10.03,10.38
1983-06-01,9.14,9.44,9.66,10.32,10.63,10.85
1983-07-01,9.45,9.85,10.2,10.9,11.21,11.38
1983-08-01,9.74,10.16,10.53,11.3,11.63,11.85
1983-09-01,9.36,9.73,10.16,11.07,11.43,11.65
1983-10-01,8.99,9.39,9.81,10.87,11.28,11.54
1983-11-01,9.11,9.48,9.94,10.96,11.41,11.69
1983-12-01,9.36,9.76,10.11,11.13,11.54,11.83
1984-01-01,9.26,9.56,9.9,10.93,11.37,11.67
1984-02-01,9.46,9.77,10.04,11.05,11.54,11.84
1984-03-01,9.89,10.27,10.59,11.59,12.02,12.32
1984-04-01,10.07,10.47,10.9,11.98,12.37,12.63
1984-05-01,10.22,11.02,11.66,12.75,13.17,13.41
1984-06-01,10.26,11.24,12.08,13.18,13.48,13.56
1984-07-01,10.53,11.27,12.03,13.08,13.27,13.36
1984-08-01,10.9,11.37,11.82,12.5,12.68,12.72
1984-09-01,10.8,11.19,11.58,12.34,12.53,12.52
1984-10-01,10.12,10.52,10.9,11.85,12.06,12.16
1984-11-01,8.92,9.34,9.82,10.9,11.33,11.57
1984-12-01,8.34,8.76,9.33,10.56,11.07,11.5
1985-01-01,8.02,8.45,9.02,10.43,10.93,11.38
1985-02-01,8.56,8.87,9.29,10.55,11.13,11.51
1985-03-01,8.83,9.45,9.86,11.05,11.52,11.86
1985-04-01,8.22,8.71,9.14,10.49,11.01,11.43
1985-05-01,7.73,8.07,8.46,9.75,10.34,10.85
1985-06-01,7.18,7.46,7.8,9.05,9.6,10.16
1985-07-01,7.32,7.57,7.86,9.18,9.7,10.31
1985-08-01,7.37,7.71,8.05,9.31,9.81,10.33
1985-09-01,7.33,7.64,8.07,9.37,9.81,10.37
1985-10-01,7.4,7.71,8.01,9.25,9.69,10.24
1985-11-01,7.48,7.68,7.88,8.88,9.28,9.78
1985-12-01,7.33,7.5,7.67,8.4,8.73,9.26
1986-01-01,7.3,7.53,7.73,8.41,8.68,9.19
1986-02-01,7.29,7.47,7.61,8.1,8.34,8.7
1986-03-01,6.76,6.89,7.03,7.3,7.46,7.78
1986-04-01,6.24,6.36,6.44,6.86,7.05,7.3
1986-05-01,6.33,6.47,6.65,7.27,7.52,7.71
1986-06-01,6.4,6.56,6.73,7.41,7.64,7.8
1986-07-01,6.0,6.12,6.27,6.86,7.06,7.3
1986-08-01,5.69,5.79,5.93,6.49,6.8,7.17
1986-09-01,5.35,5.57,5.77,6.62,6.92,7.45
1986-10-01,5.32,5.48,5.72,6.56,6.83,7.43
1986-11-01,5.5,5.64,5.8,6.46,6.76,7.25
1986-12-01,5.68,5.78,5.87,6.43,6.67,7.11
1987-01-01,5.58,5.67,5.78,6.41,6.64,7.08
1987-02-01,5.75,5.83,5.96,6.56,6.79,7.25
1987-03-01,5.77,5.86,6.03,6.58,6.79,7.25
1987-04-01,5.82,6.19,6.5,7.32,7.57,8.02
1987-05-01,5.85,6.35,7.0,8.02,8.26,8.61
1987-06-01,5.85,6.28,6.8,7.82,8.02,8.4
1987-07-01,5.88,6.05,6.68,7.74,8.01,8.45
1987-08-01,6.23,6.46,7.03,8.03,8.32,8.76
1987-09-01,6.62,6.99,7.67,8.67,8.94,9.42
1987-10-01,6.35,7.04,7.59,8.75,9.08,9.52
1987-11-01,5.89,6.5,6.96,7.99,8.35,8.86
1987-12-01,5.96,6.68,7.17,8.13,8.45,8.99
1988-01-01,6.0,6.56,6.99,7.87,8.18,8.67
1988-02-01,5.84,6.21,6.64,7.38,7.71,8.21
1988-03-01,5.87,6.18,6.71,7.5,7.83,8.37
1988-04-01,6.08,6.5,7.01,7.83,8.19,8.72
1988-05-01,6.45,6.89,7.4,8.24,8.58,9.09
1988-06-01,6.66,7.04,7.49,8.22,8.49,8.92
1988-07-01,6.95,7.35,7.75,8.44,8.66,9.06
1988-08-01,7.3,7.79,8.17,8.77,8.94,9.26
1988-09-01,7.48,7.82,8.09,8.57,8.69,8.98
1988-10-01,7.6,7.9,8.11,8.43,8.51,8.8
1988-11-01,8.03,8.3,8.48,8.72,8.79,8.96
1988-12-01,8.35,8.7,8.99,9.11,9.09,9.11
1989-01-01,8.56,8.85,9.05,9.2,9.15,9.09
1989-02-01,8.84,9.05,9.25,9.32,9.27,9.17
1989-03-01,9.14,9.39,9.57,9.61,9.51,9.36
1989-04-01,8.96,9.17,9.36,9.4,9.3,9.18
1989-05-01,8.74,8.91,8.98,8.98,8.91,8.86
1989-06-01,8.43,8.38,8.44,8.37,8.29,8.28
1989-07-01,8.15,8.01,7.89,7.83,7.83,8.02
1989-08-01,8.17,8.17,8.18,8.13,8.09,8.11
1989-09-01,8.01,8.16,8.22,8.26,8.17,8.19
1989-10-01,7.9,8.03,7.99,8.02,7.97,8.01
1989-11-01,7.94,7.89,7.77,7.8,7.81,7.87
1989-12-01,7.88,7.81,7.72,7.77,7.75,7.84
1990-01-01,7.9,7.96,7.92,8.13,8.12,8.21
1990-02-01,8.0,8.12,8.11,8.39,8.42,8.47
1990-03-01,8.17,8.28,8.35,8.63,8.6,8.59
1990-04-01,8.04,8.27,8.4,8.78,8.77,8.79
1990-05-01,8.01,8.19,8.32,8.69,8.74,8.76
1990-06-01,7.99,8.05,8.1,8.4,8.43,8.48
1990-07-01,7.87,7.92,7.94,8.26,8.33,8.47
1990-08-01,7.69,7.77,7.78,8.22,8.44,8.75
1990-09-01,7.6,7.7,7.76,8.27,8.51,8.89
1990-10-01,7.4,7.53,7.55,8.07,8.33,8.72
1990-11-01,7.29,7.39,7.31,7.74,8.02,8.39
1990-12-01,6.95,7.03,7.05,7.47,7.73,8.08
1991-01-01,6.41,6.58,6.64,7.38,7.7,8.09
1991-02-01,6.12,6.19,6.27,7.08,7.47,7.85
1991-03-01,6.09,6.2,6.4,7.35,7.77,8.11
1991-04-01,5.83,5.98,6.24,7.23,7.7,8.04
1991-05-01,5.63,5.87,6.13,7.12,7.7,8.07
1991-06-01,5.75,6.02,6.36,7.39,7.94,8.28
1991-07-01,5.75,5.97,6.31,7.38,7.91,8.27
1991-08-01,5.5,5.63,5.78,6.8,7.43,7.9
1991-09-01,5.37,5.48,5.57,6.5,7.14,7.65
1991-10-01,5.14,5.26,5.33,6.23,6.87,7.53
1991-11-01,4.69,4.8,4.89,5.9,6.62,7.42
1991-12-01,4.18,4.26,4.38,5.39,6.19,7.09
1992-01-01,3.91,4.01,4.15,5.4,6.24,7.03
1992-02-01,3.95,4.08,4.29,5.72,6.58,7.34
1992-03-01,4.14,4.33,4.63,6.18,6.95,7.54
1992-04-01,3.84,4.0,4.3,5.93,6.78,7.48
1992-05-01,3.72,3.88,4.19,5.81,6.69,7.39
1992-06-01,3.75,3.9,4.17,5.6,6.48,7.26
1992-07-01,3.28,3.38,3.6,4.91,5.84,6.84
1992-08-01,3.2,3.31,3.47,4.72,5.6,6.59
1992-09-01,2.97,3.04,3.18,4.42,5.38,6.42
1992-10-01,2.93,3.13,3.3,4.64,5.6,6.59
1992-11-01,3.21,3.44,3.68,5.14,6.04,6.87
1992-12-01,3.29,3.47,3.71,5.21,6.08,6.77
1993-01-01,3.07,3.24,3.5,4.93,5.83,6.6
1993-02-01,2.99,3.16,3.39,4.58,5.43,6.26
1993-03-01,3.01,3.15,3.33,4.4,5.19,5.98
1993-04-01,2.93,3.06,3.24,4.3,5.13,5.97
1993-05-01,3.03,3.17,3.36,4.4,5.2,6.04
1993-06-01,3.14,3.29,3.54,4.53,5.22,5.96
1993-07-01,3.11,3.26,3.47,4.43,5.09,5.81
1993-08-01,3.09,3.24,3.44,4.36,5.03,5.68
1993-09-01,3.01,3.15,3.36,4.17,4.73,5.36
1993-10-01,3.09,3.22,3.39,4.18,4.71,5.33
1993-11-01,3.18,3.36,3.58,4.5,5.06,5.72
1993-12-01,3.13,3.34,3.61,4.54,5.15,5.77
1994-01-01,3.04,3.25,3.54,4.48,5.09,5.75
1994-02-01,3.33,3.53,3.87,4.83,5.4,5.97
1994-03-01,3.59,3.91,4.32,5.4,5.94,6.48
1994-04-01,3.78,4.25,4.82,5.99,6.52,6.97
1994-05-01,4.27,4.79,5.31,6.34,6.78,7.18
1994-06-01,4.25,4.72,5.27,6.27,6.7,7.1
1994-07-01,4.46,4.95,5.48,6.48,6.91,7.3
1994-08-01,4.61,5.08,5.56,6.5,6.88,7.24
1994-09-01,4.75,5.24,5.76,6.69,7.08,7.46
1994-10-01,5.1,5.62,6.11,7.04,7.4,7.74
1994-11-01,5.45,5.98,6.54,7.44,7.72,7.96
1994-12-01,5.76,6.5,7.14,7.71,7.78,7.81
1995-01-01,5.9,6.51,7.05,7.66,7.76,7.78
1995-02-01,5.94,6.31,6.7,7.25,7.37,7.47
1995-03-01,5.91,6.17,6.43,6.89,7.05,7.2
1995-04-01,5.84,6.05,6.27,6.68,6.86,7.06
1995-05-01,5.85,5.93,6.0,6.27,6.41,6.63
1995-06-01,5.64,5.66,5.64,5.8,5.93,6.17
1995-07-01,5.59,5.62,5.59,5.89,6.01,6.28
1995-08-01,5.57,5.65,5.75,6.1,6.24,6.49
1995-09-01,5.43,5.54,5.62,5.89,6.0,6.2
1995-10-01,5.44,5.56,5.59,5.77,5.86,6.04
1995-11-01,5.52,5.51,5.43,5.57,5.69,5.93
1995-12-01,5.29,5.35,5.31,5.39,5.51,5.71
1996-01-01,5.15,5.13,5.09,5.2,5.36,5.65
1996-02-01,4.96,4.97,4.94,5.14,5.38,5.81
1996-03-01,5.1,5.16,5.34,5.79,5.97,6.27
1996-04-01,5.09,5.27,5.54,6.11,6.3,6.51
1996-05-01,5.15,5.33,5.64,6.27,6.48,6.74
1996-06-01,5.23,5.46,5.81,6.49,6.69,6.91
1996-07-01,5.3,5.52,5.85,6.45,6.64,6.87
1996-08-01,5.19,5.34,5.67,6.21,6.39,6.64
1996-09-01,5.24,5.45,5.83,6.41,6.6,6.83
1996-10-01,5.12,5.32,5.55,6.08,6.27,6.53
1996-11-01,5.17,5.27,5.42,5.82,5.97,6.2
1996-12-01,5.04,5.24,5.47,5.91,6.07,6.3
1997-01-01,5.17,5.31,5.61,6.16,6.33,6.58
1997-02-01,5.14,5.27,5.53,6.03,6.2,6.42
1997-03-01,5.28,5.48,5.8,6.38,6.54,6.69
1997-04-01,5.3,5.6,5.99,6.61,6.76,6.89
1997-05-01,5.2,5.53,5.87,6.42,6.57,6.71
1997-06-01,5.07,5.34,5.69,6.24,6.38,6.49
1997-07-01,5.19,5.33,5.54,6.0,6.12,6.22
1997-08-01,5.28,5.4,5.56,6.06,6.16,6.3
1997-09-01,5.08,5.3,5.52,5.98,6.11,6.21
1997-10-01,5.11,5.3,5.46,5.84,5.93,6.03
1997-11-01,5.28,5.38,5.46,5.76,5.8,5.88
1997-12-01,5.3,5.45,5.53,5.74,5.77,5.81
1998-01-01,5.18,5.23,5.24,5.38,5.42,5.54
1998-02-01,5.23,5.27,5.31,5.43,5.49,5.57
1998-03-01,5.16,5.25,5.39,5.57,5.61,5.65
1998-04-01,5.08,5.26,5.38,5.58,5.61,5.64
1998-05-01,5.14,5.36,5.44,5.61,5.63,5.65
1998-06-01,5.12,5.32,5.41,5.52,5.52,5.5
1998-07-01,5.09,5.23,5.36,5.47,5.46,5.46
1998-08-01,5.04,5.15,5.21,5.24,5.27,5.34
1998-09-01,4.74,4.81,4.71,4.62,4.62,4.81
1998-10-01,4.07,4.2,4.12,4.18,4.18,4.53
1998-11-01,4.53,4.59,4.53,4.57,4.54,4.83
1998-12-01,4.5,4.57,4.52,4.48,4.45,4.65
1999-01-01,4.45,4.49,4.51,4.61,4.6,4.72
1999-02-01,4.56,4.61,4.7,4.9,4.91,5.0
1999-03-01,4.57,4.65,4.78,5.11,5.14,5.23
1999-04-01,4.41,4.54,4.69,5.03,5.08,5.18
1999-05-01,4.63,4.75,4.85,5.33,5.44,5.54
1999-06-01,4.72,5.03,5.1,5.7,5.81,5.9
1999-07-01,4.69,4.75,5.03,5.62,5.68,5.79
1999-08-01,4.87,5.09,5.2,5.77,5.84,5.94
1999-09-01,4.82,5.08,5.25,5.75,5.8,5.92
1999-10-01,5.02,5.2,5.43,5.94,6.03,6.11
1999-11-01,5.23,5.43,5.55,5.92,5.97,6.03
1999-12-01,5.36,5.68,5.84,6.14,6.19,6.28
2000-01-01,5.5,5.76,6.12,6.49,6.58,6.66
2000-02-01,5.73,6.0,6.22,6.65,6.68,6.52
2000-03-01,5.86,6.11,6.22,6.53,6.5,6.26
2000-04-01,5.82,6.07,6.15,6.36,6.26,5.99
2000-05-01,5.99,6.39,6.33,6.77,6.69,6.44
2000-06-01,5.86,6.24,6.17,6.43,6.3,6.1
2000-07-01,6.14,6.27,6.08,6.28,6.18,6.05
2000-08-01,6.28,6.35,6.18,6.17,6.06,5.83
2000-09-01,6.18,6.25,6.13,6.02,5.93,5.8
2000-10-01,6.29,6.32,6.01,5.85,5.78,5.74
2000-11-01,6.36,6.34,6.09,5.79,5.7,5.72
2000-12-01,5.94,5.92,5.6,5.26,5.17,5.24
2001-01-01,5.29,5.15,4.81,4.77,4.86,5.16
2001-02-01,5.01,4.89,4.68,4.71,4.89,5.1
2001-03-01,4.54,4.44,4.3,4.43,4.64,4.89
2001-04-01,3.97,3.99,3.98,4.42,4.76,5.14
2001-05-01,3.7,3.74,3.78,4.51,4.93,5.39
2001-06-01,3.57,3.56,3.58,4.35,4.81,5.28
2001-07-01,3.59,3.56,3.62,4.31,4.76,5.24
2001-08-01,3.44,3.39,3.47,4.04,4.57,4.97
2001-09-01,2.69,2.71,2.82,3.45,4.12,4.73
2001-10-01,2.2,2.17,2.33,3.14,3.91,4.57
2001-11-01,1.91,1.92,2.18,3.22,3.97,4.65
2001-12-01,1.72,1.82,2.22,3.62,4.39,5.09
2002-01-01,1.68,1.77,2.16,3.56,4.34,5.04
2002-02-01,1.76,1.86,2.23,3.55,4.3,4.91
2002-03-01,1.83,2.06,2.57,4.14,4.74,5.28
2002-04-01,1.75,1.98,2.48,4.01,4.65,5.21
2002-05-01,1.76,1.91,2.35,3.8,4.49,5.16
2002-06-01,1.73,1.83,2.2,3.49,4.19,4.93
2002-07-01,1.71,1.74,1.96,3.01,3.81,4.65
2002-08-01,1.65,1.64,1.76,2.52,3.29,4.26
2002-09-01,1.66,1.64,1.72,2.32,2.94,3.87
2002-10-01,1.61,1.59,1.65,2.25,2.95,3.94
2002-11-01,1.25,1.3,1.49,2.32,3.05,4.05
2002-12-01,1.21,1.27,1.45,2.23,3.03,4.03
2003-01-01,1.19,1.22,1.36,2.18,3.05,4.05
2003-02-01,1.19,1.2,1.3,2.05,2.9,3.9
2003-03-01,1.15,1.16,1.24,1.98,2.78,3.81
2003-04-01,1.15,1.17,1.27,2.06,2.93,3.96
2003-05-01,1.09,1.11,1.18,1.75,2.52,3.57
2003-06-01,0.94,0.94,1.01,1.51,2.27,3.33
2003-07-01,0.92,0.97,1.12,1.93,2.87,3.98
2003-08-01,0.97,1.05,1.31,2.44,3.37,4.45
2003-09-01,0.96,1.03,1.24,2.23,3.18,4.27
2003-10-01,0.94,1.02,1.25,2.26,3.19,4.29
2003-11-01,0.95,1.04,1.34,2.45,3.29,4.3
2003-12-01,0.91,1.01,1.31,2.44,3.27,4.27
2004-01-01,0.9,0.99,1.24,2.27,3.12,4.15
2004-02-01,0.94,1.01,1.24,2.25,3.07,4.08
2004-03-01,0.95,1.01,1.19,2.0,2.79,3.83
2004-04-01,0.96,1.11,1.43,2.57,3.39,4.35
2004-05-01,1.04,1.33,1.78,3.1,3.85,4.72
2004-06-01,1.29,1.64,2.12,3.26,3.93,4.73
2004-07-01,1.36,1.7,2.1,3.05,3.69,4.5
2004-08-01,1.5,1.76,2.02,2.88,3.47,4.28
2004-09-01,1.68,1.91,2.12,2.83,3.36,4.13
2004-10-01,1.79,2.05,2.23,2.85,3.35,4.1
2004-11-01,2.11,2.32,2.5,3.09,3.53,4.19
2004-12-01,2.22,2.5,2.67,3.21,3.6,4.23
2005-01-01,2.37,2.68,2.86,3.39,3.71,4.22
2005-02-01,2.58,2.85,3.03,3.54,3.77,4.17
2005-03-01,2.8,3.09,3.3,3.91,4.17,4.5
2005-04-01,2.84,3.14,3.32,3.79,4.0,4.34
2005-05-01,2.9,3.17,3.33,3.72,3.85,4.14
2005-06-01,3.04,3.22,3.36,3.69,3.77,4.0
2005-07-01,3.29,3.53,3.64,3.91,3.98,4.18
2005-08-01,3.52,3.78,3.87,4.08,4.12,4.26
2005-09-01,3.49,3.79,3.85,3.96,4.01,4.2
2005-10-01,3.79,4.13,4.18,4.29,4.33,4.46
2005-11-01,3.97,4.3,4.33,4.43,4.45,4.54
2005-12-01,3.97,4.33,4.35,4.39,4.39,4.47
2006-01-01,4.34,4.47,4.45,4.35,4.35,4.42
2006-02-01,4.54,4.69,4.68,4.64,4.57,4.57
2006-03-01,4.63,4.79,4.77,4.74,4.72,4.72
2006-04-01,4.72,4.9,4.9,4.89,4.9,4.99
2006-05-01,4.84,5.01,5.0,4.97,5.0,5.11
2006-06-01,4.92,5.17,5.16,5.09,5.07,5.11
2006-07-01,5.08,5.27,5.22,5.07,5.04,5.09
2006-08-01,5.09,5.17,5.08,4.85,4.82,4.88
2006-09-01,4.93,5.08,4.97,4.69,4.67,4.72
2006-10-01,5.05,5.12,5.01,4.72,4.69,4.73
2006-11-01,5.07,5.15,5.01,4.64,4.58,4.6
2006-12-01,4.97,5.07,4.94,4.58,4.53,4.56
2007-01-01,5.11,5.15,5.06,4.79,4.75,4.76
2007-02-01,5.16,5.16,5.05,4.75,4.71,4.72
2007-03-01,5.08,5.1,4.92,4.51,4.48,4.56
2007-04-01,5.01,5.07,4.93,4.6,4.59,4.69
2007-05-01,4.87,4.98,4.91,4.69,4.67,4.75
2007-06-01,4.74,4.95,4.96,5.0,5.03,5.1
2007-07-01,4.96,5.04,4.96,4.82,4.88,5.0
2007-08-01,4.32,4.55,4.47,4.34,4.43,4.67
2007-09-01,3.99,4.2,4.14,4.06,4.2,4.52
2007-10-01,4.0,4.16,4.1,4.01,4.2,4.53
2007-11-01,3.35,3.58,3.5,3.35,3.67,4.15
2007-12-01,3.07,3.34,3.26,3.13,3.49,4.1
2008-01-01,2.82,2.84,2.71,2.51,2.98,3.74
2008-02-01,2.17,2.1,2.05,2.19,2.78,3.74
2008-03-01,1.28,1.51,1.54,1.8,2.48,3.51
2008-04-01,1.31,1.58,1.74,2.23,2.84,3.68
2008-05-01,1.76,1.86,2.06,2.69,3.15,3.88
2008-06-01,1.89,2.19,2.42,3.08,3.49,4.1
2008-07-01,1.66,1.98,2.28,2.87,3.3,4.01
2008-08-01,1.75,1.97,2.18,2.7,3.14,3.89
2008-09-01,1.15,1.64,1.91,2.32,2.88,3.69
2008-10-01,0.69,1.23,1.42,1.86,2.73,3.81
2008-11-01,0.19,0.74,1.07,1.51,2.29,3.53
2008-12-01,0.03,0.26,0.49,1.07,1.52,2.42
2009-01-01,0.13,0.3,0.44,1.13,1.6,2.52
2009-02-01,0.3,0.46,0.62,1.37,1.87,2.87
2009-03-01,0.22,0.43,0.64,1.31,1.82,2.82
2009-04-01,0.16,0.35,0.55,1.32,1.86,2.93
2009-05-01,0.18,0.3,0.5,1.39,2.13,3.29
2009-06-01,0.18,0.31,0.51,1.76,2.71,3.72
2009-07-01,0.18,0.28,0.48,1.55,2.46,3.56
2009-08-01,0.17,0.27,0.46,1.65,2.57,3.59
2009-09-01,0.12,0.21,0.4,1.48,2.37,3.4
2009-10-01,0.07,0.16,0.37,1.46,2.33,3.39
2009-11-01,0.05,0.15,0.31,1.32,2.23,3.4
2009-12-01,0.05,0.17,0.37,1.38,2.34,3.59
2010-01-01,0.06,0.15,0.35,1.49,2.48,3.73
2010-02-01,0.11,0.18,0.35,1.4,2.36,3.69
2010-03-01,0.15,0.23,0.4,1.51,2.43,3.73
2010-04-01,0.16,0.24,0.45,1.64,2.58,3.85
2010-05-01,0.16,0.22,0.37,1.32,2.18,3.42
2010-06-01,0.12,0.19,0.32,1.17,2.0,3.2
2010-07-01,0.16,0.2,0.29,0.98,1.76,3.01
2010-08-01,0.16,0.19,0.26,0.78,1.47,2.7
2010-09-01,0.15,0.19,0.26,0.74,1.41,2.65
2010-10-01,0.13,0.18,0.23,0.57,1.18,2.54
2010-11-01,0.14,0.18,0.25,0.67,1.35,2.76
2010-12-01,0.14,0.19,0.29,0.99,1.93,3.29
2011-01-01,0.15,0.18,0.27,1.03,1.99,3.39
2011-02-01,0.13,0.17,0.29,1.28,2.26,3.58
2011-03-01,0.1,0.16,0.26,1.17,2.11,3.41
2011-04-01,0.06,0.12,0.25,1.21,2.17,3.46
2011-05-01,0.04,0.09,0.19,0.94,1.84,3.17
2011-06-01,0.04,0.1,0.18,0.71,1.58,3.0
2011-07-01,0.04,0.08,0.19,0.68,1.54,3.0
2011-08-01,0.02,0.06,0.11,0.38,1.02,2.3
2011-09-01,0.01,0.04,0.1,0.35,0.9,1.98
2011-10-01,0.02,0.05,0.11,0.47,1.06,2.15
2011-11-01,0.01,0.05,0.11,0.39,0.91,2.01
2011-12-01,0.01,0.05,0.12,0.39,0.89,1.98
2012-01-01,0.03,0.07,0.12,0.36,0.84,1.97
2012-02-01,0.09,0.12,0.16,0.38,0.83,1.97
2012-03-01,0.08,0.14,0.19,0.51,1.02,2.17
2012-04-01,0.08,0.14,0.18,0.43,0.89,2.05
2012-05-01,0.09,0.15,0.19,0.39,0.76,1.8
2012-06-01,0.09,0.15,0.19,0.39,0.71,1.62
2012-07-01,0.1,0.15,0.19,0.33,0.62,1.53
2012-08-01,0.1,0.14,0.18,0.37,0.71,1.68
2012-09-01,0.11,0.14,0.18,0.34,0.67,1.72
2012-10-01,0.1,0.15,0.18,0.37,0.71,1.75
2012-11-01,0.09,0.14,0.18,0.36,0.67,1.65
2012-12-01,0.07,0.12,0.16,0.35,0.7,1.72
2013-01-01,0.07,0.11,0.15,0.39,0.81,1.91
2013-02-01,0.1,0.12,0.16,0.4,0.85,1.98
2013-03-01,0.09,0.11,0.15,0.39,0.82,1.96
2013-04-01,0.06,0.09,0.12,0.34,0.71,1.76
2013-05-01,0.04,0.08,0.12,0.4,0.84,1.93
2013-06-01,0.05,0.09,0.14,0.58,1.2,2.3
2013-07-01,0.04,0.07,0.12,0.64,1.4,2.58
2013-08-01,0.04,0.07,0.13,0.7,1.52,2.74
2013-09-01,0.02,0.04,0.12,0.78,1.6,2.81
2013-10-01,0.05,0.08,0.12,0.63,1.37,2.62
2013-11-01,0.07,0.1,0.12,0.58,1.37,2.72
2013-12-01,0.07,0.1,0.13,0.69,1.58,2.9
2014-01-01,0.04,0.07,0.12,0.78,1.65,2.86
2014-02-01,0.05,0.08,0.12,0.69,1.52,2.71
2014-03-01,0.05,0.08,0.13,0.82,1.64,2.72
2014-04-01,0.03,0.05,0.11,0.88,1.7,2.71
2014-05-01,0.03,0.05,0.1,0.83,1.59,2.56
2014-06-01,0.04,0.06,0.1,0.9,1.68,2.6
2014-07-01,0.03,0.06,0.11,0.97,1.7,2.54
2014-08-01,0.03,0.05,0.11,0.93,1.63,2.42
2014-09-01,0.02,0.04,0.11,1.05,1.77,2.53
2014-10-01,0.02,0.05,0.1,0.88,1.55,2.3
2014-11-01,0.02,0.07,0.13,0.96,1.62,2.33
2014-12-01,0.03,0.11,0.21,1.06,1.64,2.21
2015-01-01,0.03,0.08,0.2,0.9,1.37,1.88
2015-02-01,0.02,0.07,0.22,0.99,1.47,1.98
2015-03-01,0.03,0.11,0.25,1.02,1.52,2.04
2015-04-01,0.02,0.09,0.23,0.87,1.35,1.94
2015-05-01,0.02,0.08,0.24,0.98,1.54,2.2
2015-06-01,0.02,0.09,0.28,1.07,1.68,2.36
2015-07-01,0.03,0.12,0.3,1.03,1.63,2.32
2015-08-01,0.07,0.22,0.38,1.03,1.54,2.17
2015-09-01,0.02,0.18,0.37,1.01,1.49,2.17
2015-10-01,0.02,0.11,0.26,0.93,1.39,2.07
2015-11-01,0.13,0.33,0.48,1.2,1.67,2.26
2015-12-01,0.23,0.5,0.65,1.28,1.7,2.24
2016-01-01,0.26,0.43,0.54,1.14,1.52,2.09
2016-02-01,0.31,0.45,0.53,0.9,1.22,1.78
2016-03-01,0.3,0.47,0.66,1.04,1.38,1.89
2016-04-01,0.23,0.37,0.56,0.92,1.26,1.81
2016-05-01,0.28,0.42,0.59,0.97,1.3,1.81
2016-06-01,0.27,0.4,0.55,0.86,1.17,1.64
2016-07-01,0.3,0.4,0.51,0.79,1.07,1.5
2016-08-01,0.3,0.45,0.57,0.85,1.13,1.56
2016-09-01,0.29,0.47,0.59,0.9,1.18,1.63
2016-10-01,0.33,0.48,0.66,0.99,1.27,1.76
2016-11-01,0.45,0.58,0.74,1.22,1.6,2.14
2016-12-01,0.51,0.64,0.87,1.49,1.96,2.49
2017-01-01,0.52,0.62,0.83,1.48,1.92,2.43
2017-02-01,0.53,0.65,0.82,1.47,1.9,2.42
2017-03-01,0.75,0.89,1.01,1.59,2.01,2.48
2017-04-01,0.81,0.95,1.04,1.44,1.82,2.3
2017-05-01,0.9,1.04,1.12,1.48,1.84,2.3
2017-06-01,1.0,1.11,1.2,1.49,1.77,2.19
2017-07-01,1.09,1.13,1.22,1.54,1.87,2.32
2017-08-01,1.03,1.13,1.23,1.48,1.78,2.21
2017-09-01,1.05,1.17,1.28,1.51,1.8,2.2
2017-10-01,1.09,1.25,1.4,1.68,1.98,2.36
2017-11-01,1.25,1.39,1.56,1.81,2.05,2.35
2017-12-01,1.34,1.5,1.7,1.96,2.18,2.4
2018-01-01,1.43,1.62,1.8,2.15,2.38,2.58
2018-02-01,1.59,1.79,1.96,2.36,2.6,2.86
2018-03-01,1.73,1.92,2.06,2.42,2.63,2.84
2018-04-01,1.79,1.98,2.15,2.52,2.7,2.87
2018-05-01,1.9,2.07,2.27,2.66,2.82,2.98
2018-06-01,1.94,2.11,2.33,2.65,2.78,2.91
2018-07-01,1.99,2.17,2.39,2.7,2.78,2.89
2018-08-01,2.07,2.24,2.45,2.71,2.77,2.89
2018-09-01,2.17,2.34,2.56,2.84,2.89,3.0
2018-10-01,2.29,2.46,2.65,2.94,3.0,3.15
2018-11-01,2.37,2.52,2.7,2.91,2.95,3.12
2018-12-01,2.41,2.54,2.66,2.67,2.68,2.83
2019-01-01,2.42,2.51,2.58,2.52,2.54,2.71
2019-02-01,2.44,2.5,2.55,2.48,2.49,2.68
2019-03-01,2.45,2.51,2.49,2.37,2.37,2.57
2019-04-01,2.43,2.46,2.42,2.31,2.33,2.53
2019-05-01,2.4,2.42,2.34,2.16,2.19,2.4
2019-06-01,2.22,2.17,2.0,1.78,1.83,2.07
2019-07-01,2.15,2.08,1.96,1.8,1.83,2.06
2019-08-01,1.99,1.93,1.77,1.51,1.49,1.63
2019-09-01,1.93,1.89,1.8,1.59,1.57,1.7
2019-10-01,1.68,1.67,1.61,1.53,1.53,1.71
2019-11-01,1.57,1.59,1.57,1.61,1.64,1.81
2019-12-01,1.57,1.58,1.55,1.63,1.68,1.86
2020-01-01,1.55,1.56,1.53,1.52,1.56,1.76
2020-02-01,1.54,1.51,1.41,1.31,1.32,1.5
2020-03-01,0.3,0.3,0.33,0.5,0.59,0.87
2020-04-01,0.14,0.17,0.18,0.28,0.39,0.66
2020-05-01,0.13,0.15,0.16,0.22,0.34,0.67
2020-06-01,0.16,0.18,0.18,0.22,0.34,0.73
2020-07-01,0.13,0.14,0.15,0.17,0.28,0.62
2020-08-01,0.1,0.12,0.13,0.16,0.27,0.65
2020-09-01,0.11,0.12,0.13,0.16,0.27,0.68
2020-10-01,0.1,0.11,0.13,0.19,0.34,0.79
2020-11-01,0.09,0.1,0.12,0.22,0.39,0.87
2020-12-01,0.09,0.09,0.1,0.19,0.39,0.93
2021-01-01,0.08,0.09,0.1,0.2,0.45,1.08
2021-02-01,0.04,0.06,0.07,0.21,0.54,1.26
2021-03-01,0.03,0.05,0.08,0.32,0.82,1.61
2021-04-01,0.02,0.04,0.06,0.35,0.86,1.64
2021-05-01,0.02,0.04,0.05,0.32,0.82,1.62
2021-06-01,0.04,0.05,0.07,0.39,0.84,1.52
2021-07-01,0.05,0.05,0.08,0.4,0.76,1.32
2021-08-01,0.05,0.06,0.07,0.42,0.77,1.28
2021-09-01,0.04,0.05,0.08,0.47,0.86,1.37
2021-10-01,0.05,0.06,0.11,0.67,1.11,1.58
2021-11-01,0.05,0.07,0.18,0.82,1.2,1.56
2021-12-01,0.06,0.15,0.3,0.95,1.23,1.47
2022-01-01,0.15,0.33,0.55,1.25,1.54,1.76
2022-02-01,0.31,0.64,1.0,1.65,1.81,1.93
2022-03-01,0.45,0.86,1.34,2.09,2.11,2.13
2022-04-01,0.76,1.26,1.89,2.72,2.78,2.75
2022-05-01,0.99,1.49,2.06,2.79,2.87,2.9
2022-06-01,1.54,2.17,2.65,3.15,3.19,3.14
2022-07-01,2.3,2.87,3.02,3.03,2.96,2.9
2022-08-01,2.72,3.15,3.28,3.23,3.03,2.9
2022-09-01,3.22,3.71,3.89,3.88,3.7,3.52
2022-10-01,3.87,4.31,4.43,4.38,4.18,3.98
2022-11-01,4.32,4.61,4.73,4.34,4.06,3.89
2022-12-01,4.36,4.71,4.68,4.05,3.76,3.62
2023-01-01,4.69,4.8,4.69,3.91,3.64,3.53
2023-02-01,4.79,4.97,4.93,4.23,3.94,3.75
2023-03-01,4.86,4.99,4.68,4.09,3.82,3.66
2023-04-01,5.07,4.99,4.68,3.76,3.54,3.46
2023-05-01,5.31,5.27,4.91,3.82,3.59,3.57
2023-06-01,5.42,5.42,5.24,4.27,3.95,3.75
2023-07-01,5.49,5.53,5.37,4.47,4.14,3.9
2023-08-01,5.56,5.54,5.37,4.59,4.31,4.17
2023-09-01,5.56,5.51,5.44,4.74,4.49,4.38
2023-10-01,5.6,5.57,5.42,4.89,4.77,4.8
2023-11-01,5.52,5.44,5.28,4.64,4.49,4.5
2023-12-01,5.44,5.34,4.96,4.19,4.0,4.02
2024-01-01,5.45,5.21,4.79,4.11,3.98,4.06
2024-02-01,5.44,5.28,4.92,4.33,4.19,4.21
2024-03-01,5.47,5.36,4.99,4.38,4.2,4.21
2024-04-01,5.44,5.38,5.14,4.71,4.56,4.54
2024-05-01,5.46,5.42,5.16,4.66,4.5,4.48
2024-06-01,5.51,5.37,5.11,4.5,4.32,4.31
2024-07-01,5.43,5.25,4.9,4.29,4.16,4.25
